ROUGE-L,BERTScore,BLEURT,model_type,ranking_method
19.288831528640003,82.8136146068573,45.81954768643929,gpt4,random
