ROUGE-L,BERTScore,BLEURT,model_type,ranking_method
19.811792510549036,82.92518854141235,45.574781900415054,gpt4,mmr
