ROUGE-L,BERTScore,BLEURT,model_type,ranking_method
19.776779187771712,82.92130827903748,45.970741086281265,gpt4,expansion
