ROUGE-L,BERTScore,BLEURT,model_type,ranking_method
20.318120403015357,83.07411670684814,45.97737895181545,gpt4,similarity
