ROUGE-L,BERTScore,BLEURT,model_type,ranking_method
19.311180064123228,82.88018107414246,45.768222699944786,gpt4,mmr
