ROUGE-L,BERTScore,BLEURT,model_type,ranking_method
19.655498697323683,82.94775485992432,45.18939594809825,gpt4,random
