ROUGE-L,BERTScore,BLEURT,model_type,ranking_method
19.668619839277287,82.97370076179504,45.80946728014029,gpt4,similarity
