ROUGE-L,BERTScore,BLEURT,model_type,ranking_method
19.36528180846779,82.90124535560608,45.65651866679008,gpt4,expansion
